{
  "lang":"en",
  "name":"Training_Corpus_AZFLTX_ner",
  "version":"0.0.0",
  "spacy_version":">=2.3.2",
  "description":"",
  "author":"",
  "email":"",
  "url":"",
  "license":"",
  "spacy_git_version":"bf778f59c",
  "vectors":{
    "width":0,
    "vectors":0,
    "keys":0,
    "name":"spacy_pretrained_vectors"
  },
  "pipeline":[
    "ner"
  ],
  "factories":{
    "ner":"ner"
  },
  "labels":{
    "ner":[
      "DIST",
      "DIT",
      "PPE",
      "SYM",
      "TEST"
    ]
  }
}