Entity Name,Entity Label,# of Entities
social distancing,DIST,323
lockdown,DIST,262
work from home,DIST,77
social distance,DIST,54
difficult distance,DIST,1
foot distance,DIST,1
hotel foot,DIST,1
six foot,DIST,1
work from fuck,DIST,1
work home,DIST,1
hand sanitizer,DIT,67
wipe,DIT,44
soap,DIT,34
hygiene,DIT,33
lysol,DIT,23
sanitizer,DIT,22
bleach,DIT,12
clorox,DIT,8
rub,DIT,8
alcohol,DIT,4
hand sanitizers,DIT,4
isopropyl,DIT,2
wash your hand,DIT,2
sanitizers,DIT,1
wash ya hand,DIT,1
wet,DIT,1
mask,PPE,1944
glove,PPE,115
n95,PPE,57
face mask,PPE,47
cloth,PPE,42
respirator,PPE,24
n95s,PPE,23
gown,PPE,11
face shield,PPE,8
plexiglas,PPE,4
facemask,PPE,2
goggles,PPE,2
facemasks,PPE,1
nomask,PPE,1
work mask,PPE,1
flu,SYM,349
cough,SYM,131
fever,SYM,54
pain,SYM,44
common,SYM,26
cold,SYM,25
fatigue,SYM,17
influenza,SYM,17
shortness of breath,SYM,12
coughed,SYM,8
headache,SYM,8
throat,SYM,8
sore,SYM,7
diarrhea,SYM,6
impact,SYM,4
chill,SYM,3
runny nose,SYM,3
difficulty breathe,SYM,2
shortness of breathe,SYM,1
vomit,SYM,1
test,TEST,1382
positive,TEST,498
negative,TEST,144
antibody test,TEST,67
test result,TEST,49
test kit,TEST,35
% positive,TEST,20
false negative,TEST,14
pcr,TEST,12
false positive,TEST,9
antigen,TEST,6
% test,TEST,5
reflective,TEST,5
test site,TEST,5
result,TEST,4
distract,TEST,3
screen,TEST,3
665 % positive,TEST,2
test test,TEST,2
006 % positive,TEST,1
081 % positive,TEST,1
56 % positive,TEST,1
63 % positive,TEST,1
737 % positive,TEST,1
antibody antigen,TEST,1
antibody test result,TEST,1
antigen test,TEST,1
false equivalence,TEST,1
false negative result,TEST,1
hand test,TEST,1
positive result,TEST,1
retested,TEST,1
site result,TEST,1
site site,TEST,1
work site,TEST,1
