Entity Name,Entity Label,# of Entities
social distancing,DIST,27
lockdown,DIST,13
social distance,DIST,11
work from home,DIST,5
work from 500,DIST,1
wipe,DIT,11
hand sanitizer,DIT,9
soap,DIT,8
sanitizer,DIT,7
clorox,DIT,6
hygiene,DIT,6
bleach,DIT,5
alcohol,DIT,2
lysol,DIT,2
rub,DIT,2
wash fucking hand,DIT,1
mask,PPE,290
face mask,PPE,18
glove,PPE,17
n95,PPE,8
cloth,PPE,5
face shield,PPE,5
facemask,PPE,2
gown,PPE,2
facemasks,PPE,1
hand mask,PPE,1
n95s,PPE,1
respirator,PPE,1
work mask,PPE,1
flu,SYM,49
cough,SYM,16
fever,SYM,15
pain,SYM,10
shortness of breath,SYM,8
cold,SYM,2
coughed,SYM,2
difficulty breathe,SYM,2
influenza,SYM,2
sore,SYM,1
throat,SYM,1
test,TEST,190
positive,TEST,61
negative,TEST,22
test kit,TEST,16
antibody test,TEST,8
test result,TEST,7
false positive,TEST,6
test site,TEST,6
screen,TEST,2
false negative,TEST,1
pcr,TEST,1
work test,TEST,1
