Entity Name,Entity Label,# of Entities
lockdown,DIST,360
social distancing,DIST,357
social distance,DIST,89
work from home,DIST,58
from home,DIST,1
maintain foot,DIST,1
moisture from breath,DIST,1
six foot,DIST,1
work essential home,DIST,1
hand sanitizer,DIT,41
hygiene,DIT,27
sanitizer,DIT,25
wipe,DIT,25
bleach,DIT,21
soap,DIT,19
clorox,DIT,11
lysol,DIT,10
rub,DIT,6
hand sanitizers,DIT,5
alcohol,DIT,3
isopropyl,DIT,3
vapes,DIT,2
wash your hand,DIT,2
bleaching,DIT,1
ppes,DIT,1
sanitizers,DIT,1
wash fucking hand,DIT,1
mask,PPE,3188
face mask,PPE,91
glove,PPE,80
cloth,PPE,67
n95,PPE,58
respirator,PPE,34
face shield,PPE,19
gown,PPE,17
facemasks,PPE,11
n95s,PPE,8
facemask,PPE,7
goggles,PPE,6
kn95,PPE,5
plexiglas,PPE,5
78masks,PPE,1
face mask3,PPE,1
kn95s,PPE,1
maaaaask,PPE,1
riflemask,PPE,1
test mask,PPE,1
flu,SYM,505
cough,SYM,142
fever,SYM,52
pain,SYM,50
influenza,SYM,42
headache,SYM,26
cold,SYM,15
shortness of breath,SYM,15
common,SYM,13
coughed,SYM,9
diarrhea,SYM,7
fatigue,SYM,6
sore,SYM,5
throat,SYM,5
ache,SYM,4
chill,SYM,2
difficulty breathe,SYM,2
runny nose,SYM,2
vomit,SYM,2
nauseate,SYM,1
test,TEST,1842
positive,TEST,796
negative,TEST,157
antibody test,TEST,76
test kit,TEST,66
% positive,TEST,54
test result,TEST,46
false positive,TEST,25
false negative,TEST,19
test site,TEST,12
antigen,TEST,8
pcr,TEST,8
negative result,TEST,6
result,TEST,5
% test,TEST,4
test test,TEST,3
69 % positive,TEST,2
retested,TEST,2
work site,TEST,2
081 % positive,TEST,1
10 % positive,TEST,1
113 % positive,TEST,1
56 % positive,TEST,1
6 % positive,TEST,1
665 % positive,TEST,1
737 % positive,TEST,1
91 % positive,TEST,1
antibody result,TEST,1
begin test,TEST,1
kit test,TEST,1
screen,TEST,1
site site,TEST,1
work result,TEST,1
work test,TEST,1
