Entity Name,Entity Label,# of Entities
social distancing,DIST,387
lockdown,DIST,293
social distance,DIST,113
work from home,DIST,71
maintain distance,DIST,1
social distaning,DIST,1
work from restaurant,DIST,1
work home,DIST,1
work labcorp home,DIST,1
hand sanitizer,DIT,105
wipe,DIT,70
soap,DIT,41
bleach,DIT,34
hygiene,DIT,33
sanitizer,DIT,28
lysol,DIT,20
clorox,DIT,19
alcohol,DIT,14
rub,DIT,10
isopropyl,DIT,8
sanitizers,DIT,4
wash fucking hand,DIT,3
antibacterial,DIT,2
hand sanitizers,DIT,2
bleaching,DIT,1
lightroom,DIT,1
lysoled,DIT,1
nebulizer,DIT,1
wash ya hand,DIT,1
wash your fuck hand,DIT,1
wash your fucking,DIT,1
wash your hand,DIT,1
wet,DIT,1
mask,PPE,3900
glove,PPE,202
face mask,PPE,127
n95,PPE,105
cloth,PPE,82
respirator,PPE,29
face shield,PPE,13
facemasks,PPE,13
kn95,PPE,13
facemask,PPE,10
n95s,PPE,10
gown,PPE,8
goggles,PPE,6
plexiglas,PPE,3
face nose,PPE,1
face wash,PPE,1
faskmask,PPE,1
kn94,PPE,1
kn95s,PPE,1
lockdown mask,PPE,1
n94,PPE,1
repirator,PPE,1
shield mask,PPE,1
work mask,PPE,1
flu,SYM,543
cough,SYM,221
fever,SYM,90
pain,SYM,55
influenza,SYM,45
shortness of breath,SYM,33
cold,SYM,31
headache,SYM,28
common,SYM,23
fatigue,SYM,16
sore,SYM,13
throat,SYM,13
runny nose,SYM,10
chill,SYM,8
coughed,SYM,8
ache,SYM,7
difficulty breathe,SYM,6
diarrhea,SYM,4
vomit,SYM,4
heartache,SYM,2
nausea,SYM,2
feverish,SYM,1
flush,SYM,1
nauseate,SYM,1
test,TEST,2051
positive,TEST,1122
negative,TEST,253
% positive,TEST,161
antibody test,TEST,146
test result,TEST,54
test kit,TEST,53
false positive,TEST,30
false negative,TEST,28
pcr,TEST,26
test site,TEST,15
% test,TEST,6
result,TEST,5
test test,TEST,5
false result,TEST,3
negative result,TEST,3
retested,TEST,3
1055 % positive,TEST,2
screen,TEST,2
081 % positive,TEST,1
17th % positive,TEST,1
6 % positive,TEST,1
6 positive,TEST,1
628 % positive,TEST,1
665 % positive,TEST,1
68 % positive,TEST,1
737 % positive,TEST,1
antibody antigen,TEST,1
antibody test site,TEST,1
antibody test test,TEST,1
antigen test,TEST,1
face test,TEST,1
false coronavirus,TEST,1
home kit,TEST,1
kit,TEST,1
pcrs,TEST,1
poke,TEST,1
retesting,TEST,1
test % test,TEST,1
test despite,TEST,1
test probably,TEST,1
test work,TEST,1
there % positive,TEST,1
work site,TEST,1
